Sample,office,x,y,AC.Cami,AC.Charlie,AC.Urza,AC.Anda,AC.Heidi,AC.Fritzy,AC.Lily,AC.Vito
sample_66,Elevator,,,0.0,0.0,,,0.0,,,
sample_67,Elevator,,,0.1111111111111111,0.0,0.0,,0.0,0.2,0.0,0.0
sample_68,Elevator,,,0.07692307692307693,0.0,0.0,,0.5,0.0,,0.0
sample_69,Elevator,,,0.022388059701492536,0.0,0.025,,0.023255813953488372,0.038461538461538464,0.1111111111111111,0.02702702702702703
sample_70,Elevator,,,0.2,0.0,0.0,,0.0,0.6,,0.0
sample_71,Elevator,,,0.07142857142857142,0.05555555555555555,0.0,,,0.6666666666666666,0.0,0.0
