Sample,office,x,y,AC.Cami,AC.Charlie,AC.Urza,AC.Anda,AC.Heidi,AC.Fritzy,AC.Lily,AC.Vito
sample_36,Mimi/Linda,2,1,0.0006426735218508997,0.0008532423208191126,0.0,0.0,0.0,0.0,0.5131578947368421,0.001288659793814433
sample_37,Mimi/Linda,3,1,0.0015413070283600493,0.00028876696505919725,0.0,0.0,0.0,0.0008291873963515755,0.09740259740259741,0.0006184291898577613
sample_38,Mimi/Linda,4,1,0.0,0.0,0.0,,0.0,0.0,0.25,0.0
sample_40,Mimi/Linda,3,3,0.0001597444089456869,0.0005813108559802354,0.0005980861244019139,0.0,0.0,0.0026362038664323375,0.28125,0.0006006006006006006
sample_41,Mimi/Linda,2,3,0.0005535566011624688,0.00026041666666666666,0.0,0.0,0.0012121212121212121,0.0,0.9005847953216374,0.0011273957158962795
sample_42,Mimi/Linda,1,3,0.00042069835927639884,0.00038182512409316535,0.0,0.0,0.0,0.002652519893899204,0.2882882882882883,0.0014705882352941176
sample_44,Mimi/Linda,3,2,0.0009551098376313276,0.0022497187851518562,0.0,0.0,0.0,0.0,0.125,0.004032258064516129
