Sample,office,x,y,AC.Cami,AC.Charlie,AC.Urza,AC.Anda,AC.Heidi,AC.Fritzy,AC.Lily,AC.Vito
sample_29,PCR Lab,,,0.014492753623188406,0.0,0.0,,0.8333333333333334,0.0,0.0,0.11764705882352941
sample_31,PCR Lab,,,0.0,0.0,,,,,,0.0
sample_32,PCR Lab,,,0.0,,,,,,,
sample_33,PCR Lab,,,0.09090909090909091,0.16666666666666666,,,0.3333333333333333,,,0.5
