Sample,office,x,y,Cami,Heidi,Urza,Lily,Fritzy,ThorA,Anda,Vito,Charlie
sample_74,Bret,,,0.6470588235294118,0.0,0.0,0.0,0.0,0.0,0.45454545454545453,0.0,0.0
sample_75,Bret,,,0.9593908629441624,0.0,0.0,0.0,0.0,0.0,0.037914691943127965,0.0,0.003424657534246575
