Sample,office,x,y,Cami,Heidi,Urza,Lily,Fritzy,ThorA,Anda,Vito,Charlie
sample_66,Elevator,,,0.2222222222222222,0.0,,,,0.0,0.5,0.0,0.0
sample_67,Elevator,,,0.09401709401709402,0.0,0.0,0.0,0.2,0.024242424242424242,0.8105263157894737,0.0,0.0
sample_68,Elevator,,,0.09090909090909091,0.5,0.0,1.0,0.0,0.010471204188481676,0.8064516129032258,0.0,0.0
sample_69,Elevator,,,0.04560260586319218,0.023255813953488372,0.025,0.4666666666666667,0.038461538461538464,0.010587102983638113,0.9220183486238532,0.02702702702702703,0.0
sample_70,Elevator,,,0.26666666666666666,0.0,0.0,0.5,0.6,0.07407407407407407,0.6190476190476191,0.0,0.0
sample_71,Elevator,,,0.13333333333333333,0.0,0.0,0.25,0.6666666666666666,0.0,0.5789473684210527,0.0,0.05555555555555555
