Sample,office,x,y,Cami,Heidi,Urza,Lily,Fritzy,ThorA,Vito
sample_66,Elevator,,,0.2,0.0,,,,0.0,0.0
sample_67,Elevator,,,0.18333333333333332,0.0,0.0,0.0,0.13999999999999999,0.4,0.0
sample_68,Elevator,,,0.10416666666666667,0.5,0.0,,0.0,0.25,0.0
sample_69,Elevator,,,0.04394595303686212,0.038461538461538464,0.0125,0.0625,0.041666666666666664,0.47619047619047616,0.02040816326530612
sample_70,Elevator,,,0.3194444444444444,0.0,0.0,0.0,0.6,0.9166666666666667,0.0
sample_71,Elevator,,,0.16,0.0,0.0,0.0,0.75,0.0,0.0
