Sample,office,x,y,Cami,Heidi,Urza,Lily,Fritzy,ThorA,Vito
sample_76,Janet,,,0.11764705882352941,0.0,0.0,0.0,0.0,0.0,
sample_77,Janet,,,0.9073401710341703,0.0,0.0,0.0,0.006944444444444444,0.011764705882352941,0.0
