Sample,office,x,y,Cami,Heidi,Urza,Lily,Fritzy,ThorA,Anda,Vito,Charlie
sample_76,Janet,,,0.13636363636363635,0.0,0.0,0.0,0.0,0.0,0.6,,0.0
sample_77,Janet,,,0.9101694915254237,0.0,0.0,0.0,0.017543859649122806,0.0004723665564478035,0.06904761904761905,0.0,0.03103448275862069
