Sample,office,x,y,Cami,Heidi,Urza,Lily,Fritzy,ThorA,Anda,Vito,Charlie
sample_78,Johannes,,,0.4583333333333333,0.0,0.0,,,0.018867924528301886,0.5625,0.0,0.0
sample_79,Johannes,,,0.17272727272727273,0.0,0.07142857142857142,0.0,0.3333333333333333,0.0,0.64,0.0,0.21428571428571427
