Sample,office,x,y,Cami,Heidi,Urza,Lily,Fritzy,ThorA,Vito
sample_78,Johannes,,,0.38333333333333336,0.0,0.0,,,1.0,0.0
sample_79,Johannes,,,0.17037037037037037,0.0,0.07142857142857142,0.0,0.3333333333333333,0.0,0.0
