Sample,office,x,y,Cami,Heidi,Urza,Lily,Fritzy,ThorA,Anda,Vito,Charlie
sample_72,Main Entrance,1,,0.13333333333333333,0.0,0.0,0.375,0.1111111111111111,0.0030303030303030303,0.8046875,0.0,0.07777777777777778
sample_73,Main Entrance,2,,0.24293785310734464,0.0,0.0,0.16666666666666666,0.0,0.0029717682020802376,0.7154471544715447,0.1875,0.0379746835443038
