Sample,office,x,y,Cami,Heidi,Urza,Lily,Fritzy,ThorA,Vito
sample_72,Main Entrance,1,,0.10504926108374382,0.0,0.0,0.16666666666666666,0.09999999999999999,0.06666666666666667,0.0
sample_73,Main Entrance,2,,0.24079903147699758,0.0,0.0,0.1,0.0,0.20833333333333331,0.19047619047619047
