Sample,office,x,y,Cami,Heidi,Urza,Lily,Fritzy,ThorA,Anda,Vito,Charlie
sample_80,Matthias,,,1.0,0.0,,,,,0.0,,0.0
sample_81,Matthias,,,0.2289156626506024,0.0,0.0,0.0,0.6666666666666666,0.0,0.44776119402985076,0.0,0.027777777777777776
