Sample,office,x,y,Cami,Heidi,Urza,Lily,Fritzy,ThorA,Anda,Vito,Charlie
sample_46,Mimi/Linda Hallway,2,,0.0,0.0,,,0.0,0.5,1.0,,0.0
sample_47,Mimi/Linda Hallway,3,,0.025219298245614034,0.0,0.0,0.6666666666666666,0.0,0.015549597855227882,0.9616564417177914,0.0,0.0
sample_48,Mimi/Linda Hallway,4,,0.0,,,,,,,,
sample_49,Mimi/Linda Hallway,5,,0.02926829268292683,0.0,0.0,0.5,0.0,0.011574074074074073,0.9545454545454546,0.0,0.0
