Sample,office,x,y,Cami,Heidi,Urza,Lily,Fritzy,ThorA,Anda,Vito,Charlie
sample_29,PCR Lab,,,0.031055900621118012,0.8333333333333334,0.0,0.25,0.0,0.0,0.7478991596638656,0.11764705882352941,0.0
sample_30,PCR Lab,,,,,,,,,,,
sample_31,PCR Lab,,,0.0,1.0,0.0,,,,0.75,0.0,0.0
sample_32,PCR Lab,,,0.25,,0.0,1.0,0.0,,1.0,,0.0
sample_33,PCR Lab,,,0.17647058823529413,0.3333333333333333,,,,,0.5,0.5,0.16666666666666666
sample_34,PCR Lab,,,0.0,,,,,,0.6666666666666666,,
