Sample,office,x,y,Vito,Lily,Urza,Heidi,Fritzy,ThorA,Cami
sample_76,Janet,,,,0.0,0.0,0.0,0.0,0.0,0.11764705882352941
sample_77,Janet,,,0.0,0.0,0.0,0.0,0.006944444444444444,0.011764705882352941,0.9073401710341703
