Sample,office,x,y,Vito,Lily,Urza,Heidi,Fritzy,ThorA,Cami
sample_78,Johannes,,,0.0,,0.0,0.0,,1.0,0.38333333333333336
sample_79,Johannes,,,0.0,0.0,0.07142857142857142,0.0,0.3333333333333333,0.0,0.17037037037037037
