Sample,office,x,y,Vito,Lily,Urza,Heidi,Fritzy,ThorA,Cami
sample_35,Mimi/Linda,1,1,,,,,,,
sample_36,Mimi/Linda,2,1,0.003289473684210526,0.5197916666666667,0.0,0.0,0.0,0.5855586109542632,0.014506655472245196
sample_37,Mimi/Linda,3,1,0.0003315649867374005,0.11945909890243162,0.0,0.0,0.00125,0.8995730306559799,0.01527464323568861
sample_38,Mimi/Linda,4,1,0.0,0.26666666666666666,0.0,0.0,0.0,0.4666666666666667,0.019305435720448662
sample_40,Mimi/Linda,3,3,0.000536480686695279,0.3041301627033792,0.0004478280340349306,0.0,0.0009711899694104237,0.6207856241911969,0.015687918098496425
sample_41,Mimi/Linda,2,3,0.0010416666666666667,0.9153491436100132,0.0,0.0003968253968253968,0.0,0.12346491228070175,0.015026466193758489
sample_42,Mimi/Linda,1,3,0.0008680555555555555,0.3318681318681319,0.0,0.0,0.0011627906976744186,0.7283280665431695,0.014252604543265941
sample_44,Mimi/Linda,3,2,0.009615384615384616,0.06521739130434782,0.0,0.0,0.0,0.897003745318352,0.013764173821852263
